USE tp_pweb_database;

INSERT INTO ciudad( c_cod, c_desc) VALUES ( "SAVR" , "Alto Rio Senguer");
INSERT INTO ciudad( c_cod, c_desc) VALUES ( "SAZA" , "Azul");
INSERT INTO ciudad( c_cod, c_desc) VALUES ( "SAZB" , "Bahia Blanca");
INSERT INTO ciudad( c_cod, c_desc) VALUES ( "SAZS" , "Bariloche");
INSERT INTO ciudad( c_cod, c_desc) VALUES ( "SAZI" , "Bolivar");
INSERT INTO ciudad( c_cod, c_desc) VALUES ( "SADO" , "Campo de Mayo");
INSERT INTO ciudad( c_cod, c_desc) VALUES ( "SAHE" , "Caviahue");
INSERT INTO ciudad( c_cod, c_desc) VALUES ( "SANW" , "Ceres");
INSERT INTO ciudad( c_cod, c_desc) VALUES ( "SACT" , "Chamical");
INSERT INTO ciudad( c_cod, c_desc) VALUES ( "SACP" , "Chepes");
INSERT INTO ciudad( c_cod, c_desc) VALUES ( "SANO" , "Chilecito");
INSERT INTO ciudad( c_cod, c_desc) VALUES ( "SATC" , "Clorinda");
INSERT INTO ciudad( c_cod, c_desc) VALUES ( "SAVC" , "Comodoro Rivadavia");
INSERT INTO ciudad( c_cod, c_desc) VALUES ( "SACO" , "Cordoba");
INSERT INTO ciudad( c_cod, c_desc) VALUES ( "SAAC" , "Concordia");
INSERT INTO ciudad( c_cod, c_desc) VALUES ( "SAZC" , "Coronel Suarez");
INSERT INTO ciudad( c_cod, c_desc) VALUES ( "SARC" , "Corrientes");
INSERT INTO ciudad( c_cod, c_desc) VALUES ( "SATU" , "Curuzu Cuatia");
INSERT INTO ciudad( c_cod, c_desc) VALUES ( "SAZW" , "Cutral-Co");
INSERT INTO ciudad( c_cod, c_desc) VALUES ( "SAZD" , "Dolores");
INSERT INTO ciudad( c_cod, c_desc) VALUES ( "SADD" , "Don Torcuato");
INSERT INTO ciudad( c_cod, c_desc) VALUES ( "SAVB" , "El Bolson");
INSERT INTO ciudad( c_cod, c_desc) VALUES ( "SAWC" , "El Calafate");
INSERT INTO ciudad( c_cod, c_desc) VALUES ( "SAWA" , "El Calafate");
INSERT INTO ciudad( c_cod, c_desc) VALUES ( "SADP" , "El Palomar");
INSERT INTO ciudad( c_cod, c_desc) VALUES ( "SAVE" , "Esquel");
INSERT INTO ciudad( c_cod, c_desc) VALUES ( "SAEZ" , "Ezeiza");
INSERT INTO ciudad( c_cod, c_desc) VALUES ( "SARF" , "Formosa");
INSERT INTO ciudad( c_cod, c_desc) VALUES ( "SAMA" , "General Alvear");
INSERT INTO ciudad( c_cod, c_desc) VALUES ( "SAZG" , "General Pico");
INSERT INTO ciudad( c_cod, c_desc) VALUES ( "SAHR" , "General Roca");
INSERT INTO ciudad( c_cod, c_desc) VALUES ( "SAVJ" , "Ingeniero Jacobacci");
INSERT INTO ciudad( c_cod, c_desc) VALUES ( "SAAK" , "Isla Martin Garcia");
INSERT INTO ciudad( c_cod, c_desc) VALUES ( "SADJ" , "Jose C. Paz");
INSERT INTO ciudad( c_cod, c_desc) VALUES ( "SAAJ" , "Junin");
INSERT INTO ciudad( c_cod, c_desc) VALUES ( "SAOL" , "Laboulaye");
INSERT INTO ciudad( c_cod, c_desc) VALUES ( "SACC" , "La Cumbre");
INSERT INTO ciudad( c_cod, c_desc) VALUES ( "SADL" , "La Plata");
INSERT INTO ciudad( c_cod, c_desc) VALUES ( "SANL" , "La Rioja");
INSERT INTO ciudad( c_cod, c_desc) VALUES ( "SAVH" , "Las Heras");
INSERT INTO ciudad( c_cod, c_desc) VALUES ( "SATK" , "Las Lomitas");
INSERT INTO ciudad( c_cod, c_desc) VALUES ( "SAMM" , "Malargüe");
INSERT INTO ciudad( c_cod, c_desc) VALUES ( "SAZM" , "Mar del Plata");
INSERT INTO ciudad( c_cod, c_desc) VALUES ( "SAME" , "Mendoza");
INSERT INTO ciudad( c_cod, c_desc) VALUES ( "SAOS" , "Merlo");
INSERT INTO ciudad( c_cod, c_desc) VALUES ( "SAEM" , "Miramar");
INSERT INTO ciudad( c_cod, c_desc) VALUES ( "SARM" , "Monte Caseros");
INSERT INTO ciudad( c_cod, c_desc) VALUES ( "SADM" , "Moron");
INSERT INTO ciudad( c_cod, c_desc) VALUES ( "SAZO" , "Necochea");
INSERT INTO ciudad( c_cod, c_desc) VALUES ( "SAZN" , "Neuquen");
INSERT INTO ciudad( c_cod, c_desc) VALUES ( "SAZF" , "Olavarria");
INSERT INTO ciudad( c_cod, c_desc) VALUES ( "SAAP" , "Parana");
INSERT INTO ciudad( c_cod, c_desc) VALUES ( "SARL" , "Paso de los Libres");
INSERT INTO ciudad( c_cod, c_desc) VALUES ( "SAZP" , "Pehuajo");
INSERT INTO ciudad( c_cod, c_desc) VALUES ( "SASJ" , "Perico");
INSERT INTO ciudad( c_cod, c_desc) VALUES ( "SAWP" , "Perito Moreno");
INSERT INTO ciudad( c_cod, c_desc) VALUES ( "SARP" , "Posadas");
INSERT INTO ciudad( c_cod, c_desc) VALUES ( "SAWD" , "Puerto Deseado");
INSERT INTO ciudad( c_cod, c_desc) VALUES ( "SARI" , "Puerto Iguazu");
INSERT INTO ciudad( c_cod, c_desc) VALUES ( "SAVY" , "Puerto Madryn");
INSERT INTO ciudad( c_cod, c_desc) VALUES ( "SAWJ" , "Puerto San Julian");
INSERT INTO ciudad( c_cod, c_desc) VALUES ( "SAWU" , "Puerto Santa Cruz");
INSERT INTO ciudad( c_cod, c_desc) VALUES ( "SASA" , "Presidencia Roque Saenz Peña");
INSERT INTO ciudad( c_cod, c_desc) VALUES ( "SATR" , "Reconquista");
INSERT INTO ciudad( c_cod, c_desc) VALUES ( "SARE" , "Resistencia");
INSERT INTO ciudad( c_cod, c_desc) VALUES ( "SAOC" , "Rio Cuarto");
INSERT INTO ciudad( c_cod, c_desc) VALUES ( "SAWG" , "Rio Gallegos");
INSERT INTO ciudad( c_cod, c_desc) VALUES ( "SAWE" , "Rio Grande");
INSERT INTO ciudad( c_cod, c_desc) VALUES ( "SAWT" , "Rio Turbio");
INSERT INTO ciudad( c_cod, c_desc) VALUES ( "SAAR" , "Rosario");
INSERT INTO ciudad( c_cod, c_desc) VALUES ( "SADF" , "San Fernando");
INSERT INTO ciudad( c_cod, c_desc) VALUES ( "SANC" , "San Fernando del Valle de Catamarca");
INSERT INTO ciudad( c_cod, c_desc) VALUES ( "SANU" , "San Juan");
INSERT INTO ciudad( c_cod, c_desc) VALUES ( "SAOU" , "San Luis");
INSERT INTO ciudad( c_cod, c_desc) VALUES ( "SAMR" , "San Rafael");
INSERT INTO ciudad( c_cod, c_desc) VALUES ( "SASO" , "San Ramon de la Nueva Oran");
INSERT INTO ciudad( c_cod, c_desc) VALUES ( "SADS" , "San Justo");
INSERT INTO ciudad( c_cod, c_desc) VALUES ( "SANT" , "San Miguel de Tucuman");
INSERT INTO ciudad( c_cod, c_desc) VALUES ( "SAZR" , "Santa Rosa");
INSERT INTO ciudad( c_cod, c_desc) VALUES ( "SAZL" , "Santa Teresita");
INSERT INTO ciudad( c_cod, c_desc) VALUES ( "SANE" , "Santiago del Estero");
INSERT INTO ciudad( c_cod, c_desc) VALUES ( "SAZY" , "San Martin de los Andes");
INSERT INTO ciudad( c_cod, c_desc) VALUES ( "SAAV" , "Sauce Viejo");
INSERT INTO ciudad( c_cod, c_desc) VALUES ( "SAFS" , "Sunchales");
INSERT INTO ciudad( c_cod, c_desc) VALUES ( "SAZT" , "Tandil");
INSERT INTO ciudad( c_cod, c_desc) VALUES ( "SAST" , "Tartagal");
INSERT INTO ciudad( c_cod, c_desc) VALUES ( "SANR" , "Termas de Rio Hondo");
INSERT INTO ciudad( c_cod, c_desc) VALUES ( "SAVT" , "Trelew");
INSERT INTO ciudad( c_cod, c_desc) VALUES ( "SAZH" , "Tres Arroyos");
INSERT INTO ciudad( c_cod, c_desc) VALUES ( "SAWH" , "Ushuaia");
INSERT INTO ciudad( c_cod, c_desc) VALUES ( "SAVV" , "Viedma");
INSERT INTO ciudad( c_cod, c_desc) VALUES ( "SAOD" , "Villa Dolores");
INSERT INTO ciudad( c_cod, c_desc) VALUES ( "SAZV" , "Villa Gesell");
INSERT INTO ciudad( c_cod, c_desc) VALUES ( "SAOR" , "Villa Reynolds");
INSERT INTO ciudad( c_cod, c_desc) VALUES ( "SAAU" , "Villaguay");
INSERT INTO ciudad( c_cod, c_desc) VALUES ( "SAHZ" , "Zapala");
INSERT INTO ciudad( c_cod, c_desc) VALUES ( "SABE" , "Buenos Aires");

INSERT INTO cronograma ( c_origen, c_destino, avion_cod, precio_economy, precio_primera, dia) VALUES ( "SAVR" , "SAZY", 3, 1191, 1464.93, "LU");
INSERT INTO cronograma ( c_origen, c_destino, avion_cod, precio_economy, precio_primera, dia) VALUES ( "SAZA" , "SAZW", 2, 1836, 2258.28, "MA");
INSERT INTO cronograma ( c_origen, c_destino, avion_cod, precio_economy, precio_primera, dia) VALUES ( "SAZB" , "SAZV", 1, 2497, 3071.31, "MI");
INSERT INTO cronograma ( c_origen, c_destino, avion_cod, precio_economy, precio_primera, dia) VALUES ( "SAZS" , "SAZT", 4, 2161, 2658.03, "JU");
INSERT INTO cronograma ( c_origen, c_destino, avion_cod, precio_economy, precio_primera, dia) VALUES ( "SAZI" , "SAZS", 3, 1228, 1510.44, "VI");
INSERT INTO cronograma ( c_origen, c_destino, avion_cod, precio_economy, precio_primera, dia) VALUES ( "SADO" , "SAZP", 2, 968, 1190.64, "SA");
INSERT INTO cronograma ( c_origen, c_destino, avion_cod, precio_economy, precio_primera, dia) VALUES ( "SAHE" , "SAZO", 3, 1281, 1575.63, "DO");
INSERT INTO cronograma ( c_origen, c_destino, avion_cod, precio_economy, precio_primera, dia) VALUES ( "SANW" , "SAZN", 2, 2085, 2564.55, "LU");
INSERT INTO cronograma ( c_origen, c_destino, avion_cod, precio_economy, precio_primera, dia) VALUES ( "SACT" , "SAZM", 3, 1656, 2036.88, "MA");
INSERT INTO cronograma ( c_origen, c_destino, avion_cod, precio_economy, precio_primera, dia) VALUES ( "SACP" , "SAZL", 2, 1982, 2437.86, "MI");
INSERT INTO cronograma ( c_origen, c_destino, avion_cod, precio_economy, precio_primera, dia) VALUES ( "SANO" , "SAZI", 1, 924, 1136.52, "JU");
INSERT INTO cronograma ( c_origen, c_destino, avion_cod, precio_economy, precio_primera, dia) VALUES ( "SATC" , "SAZH", 4, 2108, 2592.84, "VI");
INSERT INTO cronograma ( c_origen, c_destino, avion_cod, precio_economy, precio_primera, dia) VALUES ( "SAVC" , "SAZG", 2, 915, 1125.45, "SA");
INSERT INTO cronograma ( c_origen, c_destino, avion_cod, precio_economy, precio_primera, dia) VALUES ( "SACO" , "SAZF", 2, 1182, 1453.86, "DO");
INSERT INTO cronograma ( c_origen, c_destino, avion_cod, precio_economy, precio_primera, dia) VALUES ( "SAAC" , "SAZD", 2, 1587, 1952.01, "LU");
INSERT INTO cronograma ( c_origen, c_destino, avion_cod, precio_economy, precio_primera, dia) VALUES ( "SAZC" , "SAZC", 2, 1564, 1923.72, "MA");
INSERT INTO cronograma ( c_origen, c_destino, avion_cod, precio_economy, precio_primera, dia) VALUES ( "SARC" , "SAZB", 3, 2477, 3046.71, "MI");
INSERT INTO cronograma ( c_origen, c_destino, avion_cod, precio_economy, precio_primera, dia) VALUES ( "SATU" , "SAZA", 4, 2491, 3063.93, "JU");
INSERT INTO cronograma ( c_origen, c_destino, avion_cod, precio_economy, precio_primera, dia) VALUES ( "SAZW" , "SAWU", 1, 1555, 1912.65, "VI");
INSERT INTO cronograma ( c_origen, c_destino, avion_cod, precio_economy, precio_primera, dia) VALUES ( "SAZD" , "SAWT", 3, 2451, 3014.73, "SA");
INSERT INTO cronograma ( c_origen, c_destino, avion_cod, precio_economy, precio_primera, dia) VALUES ( "SADD" , "SAWP", 3, 1762, 2167.26, "DO");
INSERT INTO cronograma ( c_origen, c_destino, avion_cod, precio_economy, precio_primera, dia) VALUES ( "SAVB" , "SAWJ", 2, 2314, 2846.22, "LU");
INSERT INTO cronograma ( c_origen, c_destino, avion_cod, precio_economy, precio_primera, dia) VALUES ( "SAWC" , "SAWH", 4, 1661, 2043.03, "MA");
INSERT INTO cronograma ( c_origen, c_destino, avion_cod, precio_economy, precio_primera, dia) VALUES ( "SAWA" , "SAWG", 3, 1317, 1619.91, "MI");
INSERT INTO cronograma ( c_origen, c_destino, avion_cod, precio_economy, precio_primera, dia) VALUES ( "SADP" , "SAWE", 1, 2257, 2776.11, "JU");
INSERT INTO cronograma ( c_origen, c_destino, avion_cod, precio_economy, precio_primera, dia) VALUES ( "SAVE" , "SAWD", 3, 2021, 2485.83, "VI");
INSERT INTO cronograma ( c_origen, c_destino, avion_cod, precio_economy, precio_primera, dia) VALUES ( "SAEZ" , "SAWC", 1, 1933, 2377.59, "SA");
INSERT INTO cronograma ( c_origen, c_destino, avion_cod, precio_economy, precio_primera, dia) VALUES ( "SARF" , "SAWA", 3, 950, 1168.5, "DO");
INSERT INTO cronograma ( c_origen, c_destino, avion_cod, precio_economy, precio_primera, dia) VALUES ( "SAMA" , "SAVY", 1, 1216, 1495.68, "LU");
INSERT INTO cronograma ( c_origen, c_destino, avion_cod, precio_economy, precio_primera, dia) VALUES ( "SAZG" , "SAVV", 2, 1946, 2393.58, "MA");
INSERT INTO cronograma ( c_origen, c_destino, avion_cod, precio_economy, precio_primera, dia) VALUES ( "SAHR" , "SAVT", 2, 1889, 2323.47, "MI");
INSERT INTO cronograma ( c_origen, c_destino, avion_cod, precio_economy, precio_primera, dia) VALUES ( "SAVJ" , "SAVR", 2, 887, 1091.01, "JU");
INSERT INTO cronograma ( c_origen, c_destino, avion_cod, precio_economy, precio_primera, dia) VALUES ( "SAAK" , "SAVJ", 4, 1131, 1391.13, "VI");
INSERT INTO cronograma ( c_origen, c_destino, avion_cod, precio_economy, precio_primera, dia) VALUES ( "SADJ" , "SAVH", 1, 913, 1122.99, "SA");
INSERT INTO cronograma ( c_origen, c_destino, avion_cod, precio_economy, precio_primera, dia) VALUES ( "SAAJ" , "SAVE", 4, 2326, 2860.98, "DO");
INSERT INTO cronograma ( c_origen, c_destino, avion_cod, precio_economy, precio_primera, dia) VALUES ( "SAOL" , "SAVC", 4, 1306, 1606.38, "LU");
INSERT INTO cronograma ( c_origen, c_destino, avion_cod, precio_economy, precio_primera, dia) VALUES ( "SACC" , "SAVB", 2, 1721, 2116.83, "MA");
INSERT INTO cronograma ( c_origen, c_destino, avion_cod, precio_economy, precio_primera, dia) VALUES ( "SADL" , "SATU", 3, 2181, 2682.63, "MI");
INSERT INTO cronograma ( c_origen, c_destino, avion_cod, precio_economy, precio_primera, dia) VALUES ( "SANL" , "SATR", 2, 1821, 2239.83, "JU");
INSERT INTO cronograma ( c_origen, c_destino, avion_cod, precio_economy, precio_primera, dia) VALUES ( "SAVH" , "SATK", 2, 1956, 2405.88, "VI");
INSERT INTO cronograma ( c_origen, c_destino, avion_cod, precio_economy, precio_primera, dia) VALUES ( "SATK" , "SATC", 4, 2209, 2717.07, "SA");
INSERT INTO cronograma ( c_origen, c_destino, avion_cod, precio_economy, precio_primera, dia) VALUES ( "SAMM" , "SAST", 1, 2197, 2702.31, "DO");
INSERT INTO cronograma ( c_origen, c_destino, avion_cod, precio_economy, precio_primera, dia) VALUES ( "SAZM" , "SASO", 1, 1358, 1670.34, "LU");
INSERT INTO cronograma ( c_origen, c_destino, avion_cod, precio_economy, precio_primera, dia) VALUES ( "SAME" , "SASJ", 4, 895, 1100.85, "MA");
INSERT INTO cronograma ( c_origen, c_destino, avion_cod, precio_economy, precio_primera, dia) VALUES ( "SAOS" , "SASA", 4, 847, 1041.81, "MI");
INSERT INTO cronograma ( c_origen, c_destino, avion_cod, precio_economy, precio_primera, dia) VALUES ( "SAEM" , "SASA", 2, 2045, 2515.35, "JU");
INSERT INTO cronograma ( c_origen, c_destino, avion_cod, precio_economy, precio_primera, dia) VALUES ( "SARM" , "SARP", 3, 1109, 1364.07, "VI");
INSERT INTO cronograma ( c_origen, c_destino, avion_cod, precio_economy, precio_primera, dia) VALUES ( "SADM" , "SARM", 2, 1763, 2168.49, "LU");
INSERT INTO cronograma ( c_origen, c_destino, avion_cod, precio_economy, precio_primera, dia) VALUES ( "SAZO" , "SARL", 1, 1665, 2047.95, "MA");
INSERT INTO cronograma ( c_origen, c_destino, avion_cod, precio_economy, precio_primera, dia) VALUES ( "SAZN" , "SARI", 2, 1809, 2225.07, "MI");
INSERT INTO cronograma ( c_origen, c_destino, avion_cod, precio_economy, precio_primera, dia) VALUES ( "SAZF" , "SARF", 2, 1841, 2264.43, "JU");
INSERT INTO cronograma ( c_origen, c_destino, avion_cod, precio_economy, precio_primera, dia) VALUES ( "SAAP" , "SARE", 3, 1079, 1327.17, "VI");
INSERT INTO cronograma ( c_origen, c_destino, avion_cod, precio_economy, precio_primera, dia) VALUES ( "SARL" , "SARC", 4, 1108, 1362.84, "SA");
INSERT INTO cronograma ( c_origen, c_destino, avion_cod, precio_economy, precio_primera, dia) VALUES ( "SAZP" , "SAOU", 2, 2112, 2597.76, "DO");
INSERT INTO cronograma ( c_origen, c_destino, avion_cod, precio_economy, precio_primera, dia) VALUES ( "SASJ" , "SAOS", 2, 2412, 2966.76, "LU");
INSERT INTO cronograma ( c_origen, c_destino, avion_cod, precio_economy, precio_primera, dia) VALUES ( "SAWP" , "SAOR", 1, 1980, 2435.4, "MA");
INSERT INTO cronograma ( c_origen, c_destino, avion_cod, precio_economy, precio_primera, dia) VALUES ( "SARP" , "SAOL", 4, 862, 1060.26, "MI");
INSERT INTO cronograma ( c_origen, c_destino, avion_cod, precio_economy, precio_primera, dia) VALUES ( "SAWD" , "SAOD", 1, 1525, 1875.75, "JU");
INSERT INTO cronograma ( c_origen, c_destino, avion_cod, precio_economy, precio_primera, dia) VALUES ( "SARI" , "SAOC", 3, 2229, 2741.67, "VI");
INSERT INTO cronograma ( c_origen, c_destino, avion_cod, precio_economy, precio_primera, dia) VALUES ( "SAVY" , "SANW", 4, 870, 1070.1, "SA");
INSERT INTO cronograma ( c_origen, c_destino, avion_cod, precio_economy, precio_primera, dia) VALUES ( "SAWJ" , "SANU", 2, 2166, 2664.18, "DO");
INSERT INTO cronograma ( c_origen, c_destino, avion_cod, precio_economy, precio_primera, dia) VALUES ( "SAWU" , "SANT", 3, 1173, 1442.79, "LU");
INSERT INTO cronograma ( c_origen, c_destino, avion_cod, precio_economy, precio_primera, dia) VALUES ( "SASA" , "SANR", 2, 2001, 2461.23, "MA");
INSERT INTO cronograma ( c_origen, c_destino, avion_cod, precio_economy, precio_primera, dia) VALUES ( "SATR" , "SANO", 1, 2217, 2726.91, "MI");
INSERT INTO cronograma ( c_origen, c_destino, avion_cod, precio_economy, precio_primera, dia) VALUES ( "SARE" , "SANL", 1, 2334, 2870.82, "JU");
INSERT INTO cronograma ( c_origen, c_destino, avion_cod, precio_economy, precio_primera, dia) VALUES ( "SAOC" , "SANE", 1, 2014, 2477.22, "VI");
INSERT INTO cronograma ( c_origen, c_destino, avion_cod, precio_economy, precio_primera, dia) VALUES ( "SAWG" , "SANC", 1, 1462, 1798.26, "SA");
INSERT INTO cronograma ( c_origen, c_destino, avion_cod, precio_economy, precio_primera, dia) VALUES ( "SAWE" , "SAMR", 1, 2269, 2790.87, "DO");
INSERT INTO cronograma ( c_origen, c_destino, avion_cod, precio_economy, precio_primera, dia) VALUES ( "SAWT" , "SAMM", 2, 2205, 2712.15, "LU");
INSERT INTO cronograma ( c_origen, c_destino, avion_cod, precio_economy, precio_primera, dia) VALUES ( "SAAR" , "SAME", 1, 1097, 1349.31, "MA");
INSERT INTO cronograma ( c_origen, c_destino, avion_cod, precio_economy, precio_primera, dia) VALUES ( "SASA" , "SAMA", 1, 989, 1216.47, "MI");
INSERT INTO cronograma ( c_origen, c_destino, avion_cod, precio_economy, precio_primera, dia) VALUES ( "SADF" , "SAHZ", 3, 2357, 2899.11, "JU");
INSERT INTO cronograma ( c_origen, c_destino, avion_cod, precio_economy, precio_primera, dia) VALUES ( "SANC" , "SAHR", 4, 1716, 2110.68, "VI");
INSERT INTO cronograma ( c_origen, c_destino, avion_cod, precio_economy, precio_primera, dia) VALUES ( "SANU" , "SAHE", 4, 1387, 1706.01, "SA");
INSERT INTO cronograma ( c_origen, c_destino, avion_cod, precio_economy, precio_primera, dia) VALUES ( "SAOU" , "SAFS", 2, 1032, 1269.36, "DO");
INSERT INTO cronograma ( c_origen, c_destino, avion_cod, precio_economy, precio_primera, dia) VALUES ( "SAMR" , "SAEZ", 3, 1577, 1939.71, "LU");
INSERT INTO cronograma ( c_origen, c_destino, avion_cod, precio_economy, precio_primera, dia) VALUES ( "SASO" , "SAEM", 2, 1456, 1790.88, "MA");
INSERT INTO cronograma ( c_origen, c_destino, avion_cod, precio_economy, precio_primera, dia) VALUES ( "SADS" , "SADS", 1, 1342, 1650.66, "MI");
INSERT INTO cronograma ( c_origen, c_destino, avion_cod, precio_economy, precio_primera, dia) VALUES ( "SANT" , "SADP", 3, 1632, 2007.36, "JU");
INSERT INTO cronograma ( c_origen, c_destino, avion_cod, precio_economy, precio_primera, dia) VALUES ( "SAZR" , "SADO", 3, 2414, 2969.22, "VI");
INSERT INTO cronograma ( c_origen, c_destino, avion_cod, precio_economy, precio_primera, dia) VALUES ( "SAZL" , "SADM", 2, 2350, 2890.5, "SA");
INSERT INTO cronograma ( c_origen, c_destino, avion_cod, precio_economy, precio_primera, dia) VALUES ( "SANE" , "SADL", 3, 1840, 2263.2, "DO");
INSERT INTO cronograma ( c_origen, c_destino, avion_cod, precio_economy, precio_primera, dia) VALUES ( "SAZY" , "SADJ", 3, 2095, 2576.85, "LU");
INSERT INTO cronograma ( c_origen, c_destino, avion_cod, precio_economy, precio_primera, dia) VALUES ( "SAAV" , "SADF", 1, 1763, 2168.49, "MA");
INSERT INTO cronograma ( c_origen, c_destino, avion_cod, precio_economy, precio_primera, dia) VALUES ( "SAFS" , "SADD", 2, 2284, 2809.32, "MI");
INSERT INTO cronograma ( c_origen, c_destino, avion_cod, precio_economy, precio_primera, dia) VALUES ( "SAZT" , "SACT", 3, 2272, 2794.56, "JU");
INSERT INTO cronograma ( c_origen, c_destino, avion_cod, precio_economy, precio_primera, dia) VALUES ( "SAST" , "SACP", 4, 1849, 2274.27, "VI");
INSERT INTO cronograma ( c_origen, c_destino, avion_cod, precio_economy, precio_primera, dia) VALUES ( "SANR" , "SACO", 2, 1552, 1908.96, "LU");
INSERT INTO cronograma ( c_origen, c_destino, avion_cod, precio_economy, precio_primera, dia) VALUES ( "SAVT" , "SACC", 2, 2472, 3040.56, "MA");
INSERT INTO cronograma ( c_origen, c_destino, avion_cod, precio_economy, precio_primera, dia) VALUES ( "SAZH" , "SABE", 2, 2390, 2939.7, "MI");
INSERT INTO cronograma ( c_origen, c_destino, avion_cod, precio_economy, precio_primera, dia) VALUES ( "SAWH" , "SAAV", 3, 1498, 1842.54, "JU");
INSERT INTO cronograma ( c_origen, c_destino, avion_cod, precio_economy, precio_primera, dia) VALUES ( "SAVV" , "SAAU", 4, 1183, 1455.09, "VI");
INSERT INTO cronograma ( c_origen, c_destino, avion_cod, precio_economy, precio_primera, dia) VALUES ( "SAOD" , "SAAR", 2, 1322, 1626.06, "SA");
INSERT INTO cronograma ( c_origen, c_destino, avion_cod, precio_economy, precio_primera, dia) VALUES ( "SAZV" , "SAAP", 2, 1227, 1509.21, "DO");
INSERT INTO cronograma ( c_origen, c_destino, avion_cod, precio_economy, precio_primera, dia) VALUES ( "SAOR" , "SAAK", 3, 1546, 1901.58, "LU");
INSERT INTO cronograma ( c_origen, c_destino, avion_cod, precio_economy, precio_primera, dia) VALUES ( "SAAU" , "SAAJ", 2, 830, 1020.9, "MA");
INSERT INTO cronograma ( c_origen, c_destino, avion_cod, precio_economy, precio_primera, dia) VALUES ( "SAHZ" , "SAAC", 2, 1973, 2426.79, "MI");
INSERT INTO cronograma ( c_origen, c_destino, avion_cod, precio_economy, precio_primera, dia) VALUES ( "SABE" , "SADO", 2, 2477, 3046.71, "JU");
INSERT INTO cronograma ( c_origen, c_destino, avion_cod, precio_economy, precio_primera, dia) VALUES ( "SABE" , "SAHE", 1, 2327, 2862.21, "VI");
INSERT INTO cronograma ( c_origen, c_destino, avion_cod, precio_economy, precio_primera, dia) VALUES ( "SABE" , "SANW", 1, 1071, 1317.33, "SA");
INSERT INTO cronograma ( c_origen, c_destino, avion_cod, precio_economy, precio_primera, dia) VALUES ( "SABE" , "SACT", 4, 2312, 2843.76, "DO");
INSERT INTO cronograma ( c_origen, c_destino, avion_cod, precio_economy, precio_primera, dia) VALUES ( "SABE" , "SACP", 3, 980, 1205.4, "LU");
INSERT INTO cronograma ( c_origen, c_destino, avion_cod, precio_economy, precio_primera, dia) VALUES ( "SABE" , "SANO", 4, 2138, 2629.74, "MA");
INSERT INTO cronograma ( c_origen, c_destino, avion_cod, precio_economy, precio_primera, dia) VALUES ( "SABE" , "SATC", 1, 1947, 2394.81, "MI");
INSERT INTO cronograma ( c_origen, c_destino, avion_cod, precio_economy, precio_primera, dia) VALUES ( "SABE" , "SAVC", 1, 958, 1178.34, "JU");
INSERT INTO cronograma ( c_origen, c_destino, avion_cod, precio_economy, precio_primera, dia) VALUES ( "SABE" , "SACO", 1, 2083, 2562.09, "VI");
INSERT INTO cronograma ( c_origen, c_destino, avion_cod, precio_economy, precio_primera, dia) VALUES ( "SABE" , "SAAC", 3, 2093, 2574.39, "SA");
INSERT INTO cronograma ( c_origen, c_destino, avion_cod, precio_economy, precio_primera, dia) VALUES ( "SABE" , "SAZC", 3, 1062, 1306.26, "DO");
INSERT INTO cronograma ( c_origen, c_destino, avion_cod, precio_economy, precio_primera, dia) VALUES ( "SABE" , "SARC", 3, 1376, 1692.48, "LU");
INSERT INTO cronograma ( c_origen, c_destino, avion_cod, precio_economy, precio_primera, dia) VALUES ( "SABE" , "SATU", 1, 1429, 1757.67, "MA");
INSERT INTO cronograma ( c_origen, c_destino, avion_cod, precio_economy, precio_primera, dia) VALUES ( "SABE" , "SAZW", 4, 1159, 1425.57, "MI");
INSERT INTO cronograma ( c_origen, c_destino, avion_cod, precio_economy, precio_primera, dia) VALUES ( "SABE" , "SAZD", 1, 1741, 2141.43, "JU");
INSERT INTO cronograma ( c_origen, c_destino, avion_cod, precio_economy, precio_primera, dia) VALUES ( "SABE" , "SADD", 3, 2395, 2945.85, "VI");
INSERT INTO cronograma ( c_origen, c_destino, avion_cod, precio_economy, precio_primera, dia) VALUES ( "SABE" , "SAVB", 3, 1159, 1425.57, "SA");
INSERT INTO cronograma ( c_origen, c_destino, avion_cod, precio_economy, precio_primera, dia) VALUES ( "SABE" , "SAWC", 1, 1334, 1640.82, "DO");
INSERT INTO cronograma ( c_origen, c_destino, avion_cod, precio_economy, precio_primera, dia) VALUES ( "SABE" , "SAWA", 3, 1792, 2204.16, "LU");
INSERT INTO cronograma ( c_origen, c_destino, avion_cod, precio_economy, precio_primera, dia) VALUES ( "SABE" , "SADP", 3, 1234, 1517.82, "MA");
INSERT INTO cronograma ( c_origen, c_destino, avion_cod, precio_economy, precio_primera, dia) VALUES ( "SABE" , "SAVE", 3, 1954, 2403.42, "MI");
INSERT INTO cronograma ( c_origen, c_destino, avion_cod, precio_economy, precio_primera, dia) VALUES ( "SABE" , "SAEZ", 1, 1237, 1521.51, "JU");
INSERT INTO cronograma ( c_origen, c_destino, avion_cod, precio_economy, precio_primera, dia) VALUES ( "SABE" , "SARF", 2, 1163, 1430.49, "VI");
INSERT INTO cronograma ( c_origen, c_destino, avion_cod, precio_economy, precio_primera, dia) VALUES ( "SABE" , "SAMA", 3, 1653, 2033.19, "SA");
INSERT INTO cronograma ( c_origen, c_destino, avion_cod, precio_economy, precio_primera, dia) VALUES ( "SABE" , "SAZG", 2, 1757, 2161.11, "DO");
INSERT INTO cronograma ( c_origen, c_destino, avion_cod, precio_economy, precio_primera, dia) VALUES ( "SABE" , "SAHR", 2, 2321, 2854.83, "LU");
INSERT INTO cronograma ( c_origen, c_destino, avion_cod, precio_economy, precio_primera, dia) VALUES ( "SABE" , "SAVJ", 1, 1237, 1521.51, "MA");
INSERT INTO cronograma ( c_origen, c_destino, avion_cod, precio_economy, precio_primera, dia) VALUES ( "SABE" , "SAAK", 3, 1846, 2270.58, "MI");
INSERT INTO cronograma ( c_origen, c_destino, avion_cod, precio_economy, precio_primera, dia) VALUES ( "SABE" , "SADJ", 4, 2188, 2691.24, "JU");
INSERT INTO cronograma ( c_origen, c_destino, avion_cod, precio_economy, precio_primera, dia) VALUES ( "SABE" , "SAAJ", 2, 1617, 1988.91, "VI");
INSERT INTO cronograma ( c_origen, c_destino, avion_cod, precio_economy, precio_primera, dia) VALUES ( "SABE" , "SAOL", 4, 1105, 1359.15, "LU");
INSERT INTO cronograma ( c_origen, c_destino, avion_cod, precio_economy, precio_primera, dia) VALUES ( "SABE" , "SACC", 3, 1610, 1980.3, "MA");
INSERT INTO cronograma ( c_origen, c_destino, avion_cod, precio_economy, precio_primera, dia) VALUES ( "SABE" , "SADL", 4, 1871, 2301.33, "MI");
INSERT INTO cronograma ( c_origen, c_destino, avion_cod, precio_economy, precio_primera, dia) VALUES ( "SABE" , "SANL", 1, 1369, 1683.87, "JU");
INSERT INTO cronograma ( c_origen, c_destino, avion_cod, precio_economy, precio_primera, dia) VALUES ( "SABE" , "SAVH", 2, 1995, 2453.85, "VI");
INSERT INTO cronograma ( c_origen, c_destino, avion_cod, precio_economy, precio_primera, dia) VALUES ( "SABE" , "SATK", 1, 2139, 2630.97, "SA");
INSERT INTO cronograma ( c_origen, c_destino, avion_cod, precio_economy, precio_primera, dia) VALUES ( "SABE" , "SAMM", 3, 2236, 2750.28, "DO");
INSERT INTO cronograma ( c_origen, c_destino, avion_cod, precio_economy, precio_primera, dia) VALUES ( "SABE" , "SAZM", 4, 1275, 1568.25, "LU");
INSERT INTO cronograma ( c_origen, c_destino, avion_cod, precio_economy, precio_primera, dia) VALUES ( "SABE" , "SAME", 3, 1515, 1863.45, "MA");
INSERT INTO cronograma ( c_origen, c_destino, avion_cod, precio_economy, precio_primera, dia) VALUES ( "SABE" , "SAOS", 4, 2487, 3059.01, "MI");
INSERT INTO cronograma ( c_origen, c_destino, avion_cod, precio_economy, precio_primera, dia) VALUES ( "SABE" , "SAEM", 4, 2163, 2660.49, "JU");
INSERT INTO cronograma ( c_origen, c_destino, avion_cod, precio_economy, precio_primera, dia) VALUES ( "SABE" , "SARM", 1, 2414, 2969.22, "VI");
INSERT INTO cronograma ( c_origen, c_destino, avion_cod, precio_economy, precio_primera, dia) VALUES ( "SABE" , "SADM", 4, 2399, 2950.77, "SA");
INSERT INTO cronograma ( c_origen, c_destino, avion_cod, precio_economy, precio_primera, dia) VALUES ( "SABE" , "SAZO", 2, 1905, 2343.15, "DO");
INSERT INTO cronograma ( c_origen, c_destino, avion_cod, precio_economy, precio_primera, dia) VALUES ( "SABE" , "SAZN", 1, 2457, 3022.11, "LU");
INSERT INTO cronograma ( c_origen, c_destino, avion_cod, precio_economy, precio_primera, dia) VALUES ( "SABE" , "SAZF", 2, 1366, 1680.18, "MA");
INSERT INTO cronograma ( c_origen, c_destino, avion_cod, precio_economy, precio_primera, dia) VALUES ( "SABE" , "SAAP", 3, 2474, 3043.02, "MI");
INSERT INTO cronograma ( c_origen, c_destino, avion_cod, precio_economy, precio_primera, dia) VALUES ( "SABE" , "SARL", 2, 1201, 1477.23, "JU");
INSERT INTO cronograma ( c_origen, c_destino, avion_cod, precio_economy, precio_primera, dia) VALUES ( "SABE" , "SAZP", 3, 2197, 2702.31, "VI");
INSERT INTO cronograma ( c_origen, c_destino, avion_cod, precio_economy, precio_primera, dia) VALUES ( "SABE" , "SASJ", 1, 1228, 1510.44, "SA");
INSERT INTO cronograma ( c_origen, c_destino, avion_cod, precio_economy, precio_primera, dia) VALUES ( "SABE" , "SAWP", 3, 1796, 2209.08, "DO");
INSERT INTO cronograma ( c_origen, c_destino, avion_cod, precio_economy, precio_primera, dia) VALUES ( "SABE" , "SARP", 1, 2469, 3036.87, "LU");
INSERT INTO cronograma ( c_origen, c_destino, avion_cod, precio_economy, precio_primera, dia) VALUES ( "SABE" , "SAWD", 1, 1629, 2003.67, "MA");
INSERT INTO cronograma ( c_origen, c_destino, avion_cod, precio_economy, precio_primera, dia) VALUES ( "SABE" , "SARI", 2, 1856, 2282.88, "MI");
INSERT INTO cronograma ( c_origen, c_destino, avion_cod, precio_economy, precio_primera, dia) VALUES ( "SABE" , "SAVY", 1, 952, 1170.96, "JU");
INSERT INTO cronograma ( c_origen, c_destino, avion_cod, precio_economy, precio_primera, dia) VALUES ( "SABE" , "SAWJ", 4, 834, 1025.82, "VI");
INSERT INTO cronograma ( c_origen, c_destino, avion_cod, precio_economy, precio_primera, dia) VALUES ( "SABE" , "SAWU", 3, 2372, 2917.56, "SA");
INSERT INTO cronograma ( c_origen, c_destino, avion_cod, precio_economy, precio_primera, dia) VALUES ( "SABE" , "SASA", 1, 1249, 1536.27, "DO");
INSERT INTO cronograma ( c_origen, c_destino, avion_cod, precio_economy, precio_primera, dia) VALUES ( "SABE" , "SATR", 2, 1951, 2399.73, "LU");
INSERT INTO cronograma ( c_origen, c_destino, avion_cod, precio_economy, precio_primera, dia) VALUES ( "SABE" , "SARE", 3, 1767, 2173.41, "MA");
INSERT INTO cronograma ( c_origen, c_destino, avion_cod, precio_economy, precio_primera, dia) VALUES ( "SABE" , "SAOC", 2, 918, 1129.14, "MI");
INSERT INTO cronograma ( c_origen, c_destino, avion_cod, precio_economy, precio_primera, dia) VALUES ( "SABE" , "SAWG", 4, 2014, 2477.22, "JU");
INSERT INTO cronograma ( c_origen, c_destino, avion_cod, precio_economy, precio_primera, dia) VALUES ( "SABE" , "SAWE", 3, 1437, 1767.51, "VI");
INSERT INTO cronograma ( c_origen, c_destino, avion_cod, precio_economy, precio_primera, dia) VALUES ( "SABE" , "SAWT", 4, 1450, 1783.5, "SA");
INSERT INTO cronograma ( c_origen, c_destino, avion_cod, precio_economy, precio_primera, dia) VALUES ( "SABE" , "SAAR", 2, 933, 1147.59, "DO");
INSERT INTO cronograma ( c_origen, c_destino, avion_cod, precio_economy, precio_primera, dia) VALUES ( "SABE" , "SASA", 1, 1140, 1402.2, "LU");
INSERT INTO cronograma ( c_origen, c_destino, avion_cod, precio_economy, precio_primera, dia) VALUES ( "SABE" , "SADF", 4, 2264, 2784.72, "MA");
INSERT INTO cronograma ( c_origen, c_destino, avion_cod, precio_economy, precio_primera, dia) VALUES ( "SABE" , "SANC", 1, 2404, 2956.92, "MI");
INSERT INTO cronograma ( c_origen, c_destino, avion_cod, precio_economy, precio_primera, dia) VALUES ( "SABE" , "SANU", 1, 1166, 1434.18, "JU");
INSERT INTO cronograma ( c_origen, c_destino, avion_cod, precio_economy, precio_primera, dia) VALUES ( "SABE" , "SAOU", 2, 1519, 1868.37, "VI");
INSERT INTO cronograma ( c_origen, c_destino, avion_cod, precio_economy, precio_primera, dia) VALUES ( "SABE" , "SAMR", 3, 1784, 2194.32, "LU");
INSERT INTO cronograma ( c_origen, c_destino, avion_cod, precio_economy, precio_primera, dia) VALUES ( "SABE" , "SASO", 1, 2445, 3007.35, "MA");
INSERT INTO cronograma ( c_origen, c_destino, avion_cod, precio_economy, precio_primera, dia) VALUES ( "SABE" , "SADS", 4, 1734, 2132.82, "MI");
INSERT INTO cronograma ( c_origen, c_destino, avion_cod, precio_economy, precio_primera, dia) VALUES ( "SABE" , "SANT", 3, 1955, 2404.65, "JU");
INSERT INTO cronograma ( c_origen, c_destino, avion_cod, precio_economy, precio_primera, dia) VALUES ( "SABE" , "SAZR", 2, 2158, 2654.34, "VI");
INSERT INTO cronograma ( c_origen, c_destino, avion_cod, precio_economy, precio_primera, dia) VALUES ( "SABE" , "SAZL", 2, 2236, 2750.28, "SA");
INSERT INTO cronograma ( c_origen, c_destino, avion_cod, precio_economy, precio_primera, dia) VALUES ( "SABE" , "SANE", 3, 1966, 2418.18, "DO");
INSERT INTO cronograma ( c_origen, c_destino, avion_cod, precio_economy, precio_primera, dia) VALUES ( "SABE" , "SAZY", 3, 2121, 2608.83, "LU");
INSERT INTO cronograma ( c_origen, c_destino, avion_cod, precio_economy, precio_primera, dia) VALUES ( "SABE" , "SAAV", 3, 1606, 1975.38, "MA");
INSERT INTO cronograma ( c_origen, c_destino, avion_cod, precio_economy, precio_primera, dia) VALUES ( "SABE" , "SAFS", 3, 1710, 2103.3, "MI");
INSERT INTO cronograma ( c_origen, c_destino, avion_cod, precio_economy, precio_primera, dia) VALUES ( "SABE" , "SAZT", 2, 1285, 1580.55, "JU");
INSERT INTO cronograma ( c_origen, c_destino, avion_cod, precio_economy, precio_primera, dia) VALUES ( "SABE" , "SAST", 2, 1273, 1565.79, "VI");
INSERT INTO cronograma ( c_origen, c_destino, avion_cod, precio_economy, precio_primera, dia) VALUES ( "SABE" , "SANR", 2, 2308, 2838.84, "SA");
INSERT INTO cronograma ( c_origen, c_destino, avion_cod, precio_economy, precio_primera, dia) VALUES ( "SABE" , "SAVT", 1, 1934, 2378.82, "DO");
INSERT INTO cronograma ( c_origen, c_destino, avion_cod, precio_economy, precio_primera, dia) VALUES ( "SABE" , "SAZH", 2, 1573, 1934.79, "LU");
INSERT INTO cronograma ( c_origen, c_destino, avion_cod, precio_economy, precio_primera, dia) VALUES ( "SABE" , "SAWH", 4, 827, 1017.21, "MA");
INSERT INTO cronograma ( c_origen, c_destino, avion_cod, precio_economy, precio_primera, dia) VALUES ( "SABE" , "SAVV", 3, 1052, 1293.96, "MI");
INSERT INTO cronograma ( c_origen, c_destino, avion_cod, precio_economy, precio_primera, dia) VALUES ( "SABE" , "SAOD", 3, 1030, 1266.9, "JU");
INSERT INTO cronograma ( c_origen, c_destino, avion_cod, precio_economy, precio_primera, dia) VALUES ( "SABE" , "SAZV", 2, 1378, 1694.94, "VI");
INSERT INTO cronograma ( c_origen, c_destino, avion_cod, precio_economy, precio_primera, dia) VALUES ( "SABE" , "SAOR", 4, 1286, 1581.78, "SA");
INSERT INTO cronograma ( c_origen, c_destino, avion_cod, precio_economy, precio_primera, dia) VALUES ( "SABE" , "SAAU", 2, 2259, 2778.57, "DO");
INSERT INTO cronograma ( c_origen, c_destino, avion_cod, precio_economy, precio_primera, dia) VALUES ( "SABE" , "SAHZ", 1, 1432, 1761.36, "LU");
INSERT INTO cronograma ( c_origen, c_destino, avion_cod, precio_economy, precio_primera, dia) VALUES ( "SACO" , "SAEZ", 2, 1591, 1956.93, "MA");
INSERT INTO cronograma ( c_origen, c_destino, avion_cod, precio_economy, precio_primera, dia) VALUES ( "SACO" , "SARF", 3, 884, 1087.32, "MI");
INSERT INTO cronograma ( c_origen, c_destino, avion_cod, precio_economy, precio_primera, dia) VALUES ( "SACO" , "SAMA", 1, 2012, 2474.76, "JU");
INSERT INTO cronograma ( c_origen, c_destino, avion_cod, precio_economy, precio_primera, dia) VALUES ( "SACO" , "SAZG", 2, 2432, 2991.36, "VI");
INSERT INTO cronograma ( c_origen, c_destino, avion_cod, precio_economy, precio_primera, dia) VALUES ( "SACO" , "SAHR", 2, 817, 1004.91, "SA");
INSERT INTO cronograma ( c_origen, c_destino, avion_cod, precio_economy, precio_primera, dia) VALUES ( "SACO" , "SAVJ", 4, 2160, 2656.8, "DO");
INSERT INTO cronograma ( c_origen, c_destino, avion_cod, precio_economy, precio_primera, dia) VALUES ( "SACO" , "SAAK", 4, 985, 1211.55, "LU");
INSERT INTO cronograma ( c_origen, c_destino, avion_cod, precio_economy, precio_primera, dia) VALUES ( "SACO" , "SADJ", 3, 1178, 1448.94, "MA");
INSERT INTO cronograma ( c_origen, c_destino, avion_cod, precio_economy, precio_primera, dia) VALUES ( "SACO" , "SAAJ", 1, 2078, 2555.94, "MI");
INSERT INTO cronograma ( c_origen, c_destino, avion_cod, precio_economy, precio_primera, dia) VALUES ( "SACO" , "SAOL", 2, 1153, 1418.19, "JU");
INSERT INTO cronograma ( c_origen, c_destino, avion_cod, precio_economy, precio_primera, dia) VALUES ( "SACO" , "SACC", 3, 1585, 1949.55, "VI");
INSERT INTO cronograma ( c_origen, c_destino, avion_cod, precio_economy, precio_primera, dia) VALUES ( "SACO" , "SADL", 2, 2128, 2617.44, "SA");
INSERT INTO cronograma ( c_origen, c_destino, avion_cod, precio_economy, precio_primera, dia) VALUES ( "SACO" , "SANL", 4, 1729, 2126.67, "DO");
INSERT INTO cronograma ( c_origen, c_destino, avion_cod, precio_economy, precio_primera, dia) VALUES ( "SACO" , "SAVH", 2, 1202, 1478.46, "LU");
INSERT INTO cronograma ( c_origen, c_destino, avion_cod, precio_economy, precio_primera, dia) VALUES ( "SACO" , "SATK", 4, 2399, 2950.77, "MA");
INSERT INTO cronograma ( c_origen, c_destino, avion_cod, precio_economy, precio_primera, dia) VALUES ( "SACO" , "SAMM", 1, 2277, 2800.71, "MI");
INSERT INTO cronograma ( c_origen, c_destino, avion_cod, precio_economy, precio_primera, dia) VALUES ( "SACO" , "SAZM", 3, 1339, 1646.97, "JU");
INSERT INTO cronograma ( c_origen, c_destino, avion_cod, precio_economy, precio_primera, dia) VALUES ( "SACO" , "SAME", 2, 2364, 2907.72, "VI");
INSERT INTO cronograma ( c_origen, c_destino, avion_cod, precio_economy, precio_primera, dia) VALUES ( "SACO" , "SAOS", 1, 1305, 1605.15, "LU");
INSERT INTO cronograma ( c_origen, c_destino, avion_cod, precio_economy, precio_primera, dia) VALUES ( "SACO" , "SAEM", 2, 2344, 2883.12, "MA");
INSERT INTO cronograma ( c_origen, c_destino, avion_cod, precio_economy, precio_primera, dia) VALUES ( "SACO" , "SARM", 3, 817, 1004.91, "MI");
INSERT INTO cronograma ( c_origen, c_destino, avion_cod, precio_economy, precio_primera, dia) VALUES ( "SACO" , "SADM", 1, 1728, 2125.44, "JU");
INSERT INTO cronograma ( c_origen, c_destino, avion_cod, precio_economy, precio_primera, dia) VALUES ( "SACO" , "SAZO", 4, 1820, 2238.6, "VI");
INSERT INTO cronograma ( c_origen, c_destino, avion_cod, precio_economy, precio_primera, dia) VALUES ( "SACO" , "SAZN", 1, 2174, 2674.02, "SA");
INSERT INTO cronograma ( c_origen, c_destino, avion_cod, precio_economy, precio_primera, dia) VALUES ( "SACO" , "SAZF", 4, 839, 1031.97, "DO");
INSERT INTO cronograma ( c_origen, c_destino, avion_cod, precio_economy, precio_primera, dia) VALUES ( "SACO" , "SAAP", 3, 927, 1140.21, "LU");
INSERT INTO cronograma ( c_origen, c_destino, avion_cod, precio_economy, precio_primera, dia) VALUES ( "SACO" , "SARL", 2, 853, 1049.19, "MA");
INSERT INTO cronograma ( c_origen, c_destino, avion_cod, precio_economy, precio_primera, dia) VALUES ( "SACO" , "SAZP", 1, 2189, 2692.47, "MI");
INSERT INTO cronograma ( c_origen, c_destino, avion_cod, precio_economy, precio_primera, dia) VALUES ( "SACO" , "SASJ", 4, 1130, 1389.9, "JU");
INSERT INTO cronograma ( c_origen, c_destino, avion_cod, precio_economy, precio_primera, dia) VALUES ( "SACO" , "SAWP", 1, 1039, 1277.97, "VI");
INSERT INTO cronograma ( c_origen, c_destino, avion_cod, precio_economy, precio_primera, dia) VALUES ( "SACO" , "SARP", 3, 2038, 2506.74, "SA");
INSERT INTO cronograma ( c_origen, c_destino, avion_cod, precio_economy, precio_primera, dia) VALUES ( "SACO" , "SAWD", 1, 2159, 2655.57, "DO");
INSERT INTO cronograma ( c_origen, c_destino, avion_cod, precio_economy, precio_primera, dia) VALUES ( "SACO" , "SARI", 4, 2253, 2771.19, "LU");
INSERT INTO cronograma ( c_origen, c_destino, avion_cod, precio_economy, precio_primera, dia) VALUES ( "SACO" , "SAVY", 4, 2374, 2920.02, "MA");
INSERT INTO cronograma ( c_origen, c_destino, avion_cod, precio_economy, precio_primera, dia) VALUES ( "SACO" , "SAWJ", 3, 2477, 3046.71, "MI");
INSERT INTO cronograma ( c_origen, c_destino, avion_cod, precio_economy, precio_primera, dia) VALUES ( "SACO" , "SAWU", 2, 1020, 1254.6, "JU");
INSERT INTO cronograma ( c_origen, c_destino, avion_cod, precio_economy, precio_primera, dia) VALUES ( "SACO" , "SASA", 1, 1045, 1285.35, "VI");
INSERT INTO cronograma ( c_origen, c_destino, avion_cod, precio_economy, precio_primera, dia) VALUES ( "SACO" , "SATR", 3, 1484, 1825.32, "SA");
INSERT INTO cronograma ( c_origen, c_destino, avion_cod, precio_economy, precio_primera, dia) VALUES ( "SACO" , "SARE", 3, 1846, 2270.58, "DO");
INSERT INTO cronograma ( c_origen, c_destino, avion_cod, precio_economy, precio_primera, dia) VALUES ( "SACO" , "SAOC", 2, 2054, 2526.42, "LU");
INSERT INTO cronograma ( c_origen, c_destino, avion_cod, precio_economy, precio_primera, dia) VALUES ( "SACO" , "SAWG", 3, 2392, 2942.16, "MA");
INSERT INTO cronograma ( c_origen, c_destino, avion_cod, precio_economy, precio_primera, dia) VALUES ( "SACO" , "SAWE", 4, 1687, 2075.01, "MI");
INSERT INTO cronograma ( c_origen, c_destino, avion_cod, precio_economy, precio_primera, dia) VALUES ( "SACO" , "SAWT", 2, 959, 1179.57, "JU");
INSERT INTO cronograma ( c_origen, c_destino, avion_cod, precio_economy, precio_primera, dia) VALUES ( "SACO" , "SAAR", 4, 1147, 1410.81, "VI");
INSERT INTO cronograma ( c_origen, c_destino, avion_cod, precio_economy, precio_primera, dia) VALUES ( "SACO" , "SASA", 3, 2302, 2831.46, "SA");
INSERT INTO cronograma ( c_origen, c_destino, avion_cod, precio_economy, precio_primera, dia) VALUES ( "SACO" , "SADF", 3, 2399, 2950.77, "DO");
INSERT INTO cronograma ( c_origen, c_destino, avion_cod, precio_economy, precio_primera, dia) VALUES ( "SACO" , "SANC", 2, 1572, 1933.56, "LU");
INSERT INTO cronograma ( c_origen, c_destino, avion_cod, precio_economy, precio_primera, dia) VALUES ( "SACO" , "SANU", 1, 1361, 1674.03, "MA");
INSERT INTO cronograma ( c_origen, c_destino, avion_cod, precio_economy, precio_primera, dia) VALUES ( "SACO" , "SAOU", 2, 1982, 2437.86, "MI");
INSERT INTO cronograma ( c_origen, c_destino, avion_cod, precio_economy, precio_primera, dia) VALUES ( "SACO" , "SAMR", 3, 2395, 2945.85, "JU");
INSERT INTO cronograma ( c_origen, c_destino, avion_cod, precio_economy, precio_primera, dia) VALUES ( "SACO" , "SASO", 3, 2383, 2931.09, "VI");
INSERT INTO cronograma ( c_origen, c_destino, avion_cod, precio_economy, precio_primera, dia) VALUES ( "SACO" , "SADS", 2, 1300, 1599, "SA");
INSERT INTO cronograma ( c_origen, c_destino, avion_cod, precio_economy, precio_primera, dia) VALUES ( "SACO" , "SANT", 2, 2431, 2990.13, "DO");
INSERT INTO cronograma ( c_origen, c_destino, avion_cod, precio_economy, precio_primera, dia) VALUES ( "SACO" , "SAZR", 4, 1653, 2033.19, "LU");
INSERT INTO cronograma ( c_origen, c_destino, avion_cod, precio_economy, precio_primera, dia) VALUES ( "SACO" , "SAZL", 1, 1945, 2392.35, "MA");
INSERT INTO cronograma ( c_origen, c_destino, avion_cod, precio_economy, precio_primera, dia) VALUES ( "SACO" , "SANE", 1, 1654, 2034.42, "MI");
INSERT INTO cronograma ( c_origen, c_destino, avion_cod, precio_economy, precio_primera, dia) VALUES ( "SACO" , "SAZY", 2, 1778, 2186.94, "JU");
INSERT INTO cronograma ( c_origen, c_destino, avion_cod, precio_economy, precio_primera, dia) VALUES ( "SACO" , "SAAV", 1, 2246, 2762.58, "VI");
INSERT INTO cronograma ( c_origen, c_destino, avion_cod, precio_economy, precio_primera, dia) VALUES ( "SACO" , "SAFS", 1, 1985, 2441.55, "LU");
INSERT INTO cronograma ( c_origen, c_destino, avion_cod, precio_economy, precio_primera, dia) VALUES ( "SACO" , "SAZT", 4, 2463, 3029.49, "MA");
INSERT INTO cronograma ( c_origen, c_destino, avion_cod, precio_economy, precio_primera, dia) VALUES ( "SACO" , "SAST", 2, 1504, 1849.92, "MI");
INSERT INTO cronograma ( c_origen, c_destino, avion_cod, precio_economy, precio_primera, dia) VALUES ( "SACO" , "SANR", 4, 1398, 1719.54, "JU");
INSERT INTO cronograma ( c_origen, c_destino, avion_cod, precio_economy, precio_primera, dia) VALUES ( "SACO" , "SAVT", 4, 813, 999.99, "VI");
INSERT INTO cronograma ( c_origen, c_destino, avion_cod, precio_economy, precio_primera, dia) VALUES ( "SACO" , "SAZH", 4, 2288, 2814.24, "SA");
INSERT INTO cronograma ( c_origen, c_destino, avion_cod, precio_economy, precio_primera, dia) VALUES ( "SACO" , "SAWH", 2, 1916, 2356.68, "DO");
INSERT INTO cronograma ( c_origen, c_destino, avion_cod, precio_economy, precio_primera, dia) VALUES ( "SACO" , "SAVV", 1, 1321, 1624.83, "LU");
INSERT INTO cronograma ( c_origen, c_destino, avion_cod, precio_economy, precio_primera, dia) VALUES ( "SACO" , "SAOD", 2, 941, 1157.43, "MA");
INSERT INTO cronograma ( c_origen, c_destino, avion_cod, precio_economy, precio_primera, dia) VALUES ( "SACO" , "SAZV", 2, 2049, 2520.27, "MI");
INSERT INTO cronograma ( c_origen, c_destino, avion_cod, precio_economy, precio_primera, dia) VALUES ( "SACO" , "SAOR", 3, 2313, 2844.99, "JU");
INSERT INTO cronograma ( c_origen, c_destino, avion_cod, precio_economy, precio_primera, dia) VALUES ( "SACO" , "SAAU", 2, 2400, 2952, "VI");
INSERT INTO cronograma ( c_origen, c_destino, avion_cod, precio_economy, precio_primera, dia) VALUES ( "SACO" , "SAHZ", 2, 1347, 1656.81, "SA");

INSERT INTO avion ( avion_cod, avion_capacidad, avion_filas_economy, avion_filas_primera, avion_col_economy, avion_col_primera) VALUES ( 1 , 30, 10, 0, 3, 0);
INSERT INTO avion ( avion_cod, avion_capacidad, avion_filas_economy, avion_filas_primera, avion_col_economy, avion_col_primera) VALUES ( 2 , 80, 14, 5, 5, 2);
INSERT INTO avion ( avion_cod, avion_capacidad, avion_filas_economy, avion_filas_primera, avion_col_economy, avion_col_primera) VALUES ( 3 , 125, 21, 10, 5, 2);
INSERT INTO avion ( avion_cod, avion_capacidad, avion_filas_economy, avion_filas_primera, avion_col_economy, avion_col_primera) VALUES ( 4 , 150, 30, 10, 4, 3);
